studentId,certName,issueDate,issuedBy
52400001,TOEIC 750,2025-06-01,IIG Vietnam
52400001,Android Developer Fundamentals,2025-09-15,Google
52400002,IELTS 6.5,2025-03-20,British Council
52400003,Java SE 17 Programmer,2025-08-10,Oracle
52400005,PLC Cơ bản,2025-05-05,Siemens
52400008,Kỹ năng thuyết trình,2025-04-12,Trung tâm Kỹ năng
524H0011,Chứng chỉ phân tích dữ liệu,2025-07-01,Microsoft
524H0014,JLPT N3,2025-07-06,Japan Foundation
524H0015,TOEIC 800,2025-10-01,IIG Vietnam
52400017,Kỹ năng làm việc nhóm,2025-06-20,Trung tâm Kỹ năng
52400018,IELTS 7.0,2025-05-17,IDP
52400020,Tin học văn phòng,2025-02-22,Trung tâm Tin học
